001,demo1
002,demo2
1,1
1027008,Mitchell
1032940,Kaifei
1033042,Murtaza
1058004,Stefan
1065122,CRYSTAL
1065374,Trisha Mae
1079678,Daniel
1098777,Michelle
1100856,ANAND
1103976,Iris
1110780,Robert
1507746,Michael
1520882,Jackie
1521360,Martin
1524530,Imani
1525555,rose
1548065,Jingling
1548614,Zelan
1552155,SashiKanth Reddy
1552412,Iyan
1552802,Tiago Tadeu
1553293,Tzu Jung
1555074,Thiago
1557014,Yen Yun
1573655,Haijin
1574138,Anubha
1574888,Kaiyang
1579025,Shih Chi
1582737,Zixuan
1583236,Yuxin
1583666,Sifan
1584542,Sarah
1585586,Ty
1586703,Hillary